High,Low,Open,Close,Volume,Adj Close,Date
121.80000305175781,119.75,121.4000015258789,121.19999694824219,4704499.0,103.7816390991211,2020-01-01
123.94999694824219,120.6500015258789,121.5,123.55000305175781,6747917.0,105.79389953613281,2020-01-02
128.8000030517578,123.69999694824219,123.69999694824219,125.6500015258789,21625485.0,107.59209442138672,2020-01-03
126.25,122.8499984741211,125.0,124.3499984741211,7719845.0,106.47892761230469,2020-01-06
126.05000305175781,123.8499984741211,124.9000015258789,124.44999694824219,9298669.0,106.56456756591797,2020-01-07
124.5,122.75,123.0999984741211,123.9000015258789,3457429.0,106.0936050415039,2020-01-08
125.4000015258789,123.19999694824219,124.4000015258789,123.69999694824219,4143512.0,105.9223403930664,2020-01-09
127.75,124.25,125.0999984741211,125.3499984741211,11336495.0,107.33522033691406,2020-01-10
129.39999389648438,124.9000015258789,125.9000015258789,128.89999389648438,10746361.0,110.3750228881836,2020-01-13
132.8000030517578,128.4499969482422,129.5,130.0500030517578,19261286.0,111.35975646972656,2020-01-14
132.0500030517578,128.75,130.35000610351562,131.64999389648438,13068269.0,112.72979736328125,2020-01-15
133.35000610351562,128.35000610351562,132.9499969482422,128.75,14849195.0,110.24658203125,2020-01-16
127.4000015258789,122.75,126.9000015258789,126.3499984741211,16704967.0,108.19149780273438,2020-01-17
129.0500030517578,124.55000305175781,126.0,127.80000305175781,13405397.0,109.43310546875,2020-01-20
129.5500030517578,126.30000305175781,128.35000610351562,126.75,10092350.0,108.53401184082031,2020-01-21
127.9000015258789,125.5,127.19999694824219,125.9000015258789,5781553.0,107.80616760253906,2020-01-22
130.6999969482422,125.19999694824219,125.69999694824219,129.64999389648438,13600475.0,111.01722717285156,2020-01-23
131.6999969482422,129.14999389648438,129.85000610351562,129.5,10451848.0,110.8887939453125,2020-01-24
129.5,126.0999984741211,129.0,126.75,5511979.0,108.53401184082031,2020-01-27
127.44999694824219,125.19999694824219,127.0,126.1500015258789,6610020.0,108.0202407836914,2020-01-28
128.85000610351562,125.5999984741211,127.69999694824219,126.25,11151054.0,108.10587310791016,2020-01-29
126.75,123.0,126.25,123.3499984741211,7496704.0,105.62264251708984,2020-01-30
124.4000015258789,119.4000015258789,124.05000305175781,120.44999694824219,15391445.0,103.13941955566406,2020-01-31
119.5,114.0,115.0999984741211,114.5,10387760.0,98.04452514648438,2020-02-03
119.25,115.19999694824219,115.19999694824219,118.9000015258789,11712985.0,101.81217956542969,2020-02-04
121.5,118.0,119.30000305175781,120.94999694824219,11811317.0,103.56756591796875,2020-02-05
124.4000015258789,121.4000015258789,121.44999694824219,123.69999694824219,8213253.0,105.9223403930664,2020-02-06
124.5999984741211,122.1500015258789,124.0,123.0,9212683.0,105.32294464111328,2020-02-07
124.3499984741211,119.25,124.0999984741211,121.80000305175781,19527401.0,104.29541015625,2020-02-10
129.85000610351562,123.19999694824219,123.44999694824219,129.14999389648438,31055734.0,110.5890884399414,2020-02-11
131.0,127.5,129.6999969482422,130.35000610351562,14667961.0,111.61663818359375,2020-02-12
132.5,129.39999389648438,130.0,130.3000030517578,24687804.0,111.57382202148438,2020-02-13
131.5,121.94999694824219,130.0,122.55000305175781,28720617.0,104.9376220703125,2020-02-14
122.0,117.1500015258789,122.0,118.0,19407061.0,106.60902404785156,2020-02-17
119.75,116.75,118.0,119.44999694824219,14994097.0,107.91905212402344,2020-02-18
120.9000015258789,118.75,120.0,119.8499984741211,6127331.0,108.28044128417969,2020-02-19
121.0,118.5,118.9000015258789,119.30000305175781,7262737.0,107.78353881835938,2020-02-20
119.30000305175781,116.30000305175781,118.5,116.80000305175781,6213574.0,105.52487182617188,2020-02-24
118.5999984741211,113.44999694824219,118.4000015258789,114.0,11422206.0,102.99515533447266,2020-02-25
114.0999984741211,107.5999984741211,114.0,108.05000305175781,18072839.0,97.61954498291016,2020-02-26
108.44999694824219,105.1500015258789,108.0,107.3499984741211,15078256.0,96.98711395263672,2020-02-27
108.5,102.0,102.0,104.4000015258789,26486046.0,94.32188415527344,2020-02-28
107.3499984741211,98.69999694824219,106.0,99.6500015258789,19521525.0,90.03042602539062,2020-03-02
103.80000305175781,99.5,100.9000015258789,103.19999694824219,15840274.0,93.23772430419922,2020-03-03
106.9000015258789,102.4000015258789,103.94999694824219,106.05000305175781,20572842.0,95.81261444091797,2020-03-04
111.25,105.9000015258789,109.8499984741211,106.80000305175781,19248671.0,96.4902114868164,2020-03-05
108.69999694824219,102.05000305175781,104.0,107.80000305175781,15462296.0,97.3936767578125,2020-03-06
104.8499984741211,99.5,103.5999984741211,100.44999694824219,16914774.0,90.75318908691406,2020-03-09
97.55000305175781,90.0,96.6500015258789,90.5,49463644.0,81.76371002197266,2020-03-11
88.80000305175781,79.0999984741211,85.0,79.94999694824219,35473443.0,72.23213958740234,2020-03-12
91.6500015258789,65.0,75.0,84.55000305175781,29167276.0,76.3880844116211,2020-03-13
82.5999984741211,77.5,82.0,78.1500015258789,15393047.0,70.60589599609375,2020-03-16
81.0,72.94999694824219,78.5,74.6500015258789,15876168.0,67.44377136230469,2020-03-17
76.19999694824219,69.25,74.6500015258789,70.8499984741211,30455542.0,64.01058959960938,2020-03-18
72.25,65.5999984741211,68.44999694824219,69.4000015258789,25373800.0,62.7005615234375,2020-03-19
82.4000015258789,70.30000305175781,71.0,80.80000305175781,34407630.0,73.00008392333984,2020-03-20
82.0,72.75,74.0,78.0,14364082.0,70.47037506103516,2020-03-23
82.5,75.1500015258789,81.0,76.44999694824219,12216258.0,69.07000732421875,2020-03-24
79.19999694824219,74.1500015258789,77.9000015258789,75.55000305175781,13718481.0,68.25688171386719,2020-03-25
76.0999984741211,72.19999694824219,75.5,73.0999984741211,18091881.0,66.04338836669922,2020-03-26
75.1500015258789,69.0999984741211,73.1500015258789,69.5,27556336.0,62.7909049987793,2020-03-27
72.5,67.55000305175781,69.4000015258789,70.8499984741211,15011112.0,64.01058959960938,2020-03-30
77.80000305175781,71.69999694824219,72.5,76.55000305175781,25804061.0,69.16036224365234,2020-03-31
78.75,74.5,76.5999984741211,75.75,18826357.0,68.43757629394531,2020-04-01
82.0,75.1500015258789,77.0,80.9000015258789,19035199.0,73.0904312133789,2020-04-03
86.44999694824219,82.55000305175781,84.0,84.5,20659855.0,76.34291076660156,2020-04-07
94.94999694824219,83.80000305175781,84.94999694824219,85.55000305175781,27892588.0,77.29154968261719,2020-04-08
90.30000305175781,86.9000015258789,88.0,87.75,12510634.0,79.2791748046875,2020-04-09
89.4000015258789,83.80000305175781,88.69999694824219,86.05000305175781,8121667.0,77.7432861328125,2020-04-13
90.0,86.0999984741211,90.0,86.5999984741211,13427313.0,78.24018859863281,2020-04-15
90.0,84.44999694824219,85.94999694824219,89.25,13298643.0,80.63436889648438,2020-04-16
91.94999694824219,88.0999984741211,91.94999694824219,89.69999694824219,11383610.0,81.04093170166016,2020-04-17
91.0,86.80000305175781,91.0,87.4000015258789,11550270.0,78.96295166015625,2020-04-20
86.9000015258789,78.69999694824219,86.0,82.5,19282234.0,74.53597259521484,2020-04-21
85.0999984741211,80.30000305175781,82.5999984741211,84.19999694824219,13845767.0,76.07186126708984,2020-04-22
88.69999694824219,82.75,84.94999694824219,83.25,19334014.0,75.21356201171875,2020-04-23
84.25,79.0,82.94999694824219,81.5,23298866.0,73.63250732421875,2020-04-24
84.3499984741211,81.25,82.5999984741211,81.69999694824219,12723455.0,73.81319427490234,2020-04-27
85.1500015258789,81.80000305175781,82.5999984741211,84.55000305175781,28228749.0,76.3880844116211,2020-04-28
89.80000305175781,84.4000015258789,85.0,89.0999984741211,18115076.0,80.49884796142578,2020-04-29
96.55000305175781,91.30000305175781,91.5,95.69999694824219,18494830.0,86.46173095703125,2020-04-30
95.25,89.5999984741211,92.19999694824219,93.5,21132642.0,84.47410583496094,2020-05-04
95.80000305175781,90.69999694824219,94.5,91.0999984741211,15062381.0,82.30577850341797,2020-05-05
95.0,89.69999694824219,92.0,94.69999694824219,14956004.0,85.5582504272461,2020-05-06
96.25,91.05000305175781,95.30000305175781,91.5,13264759.0,82.66716766357422,2020-05-07
94.75,90.9000015258789,94.75,91.3499984741211,8976042.0,82.53164672851562,2020-05-08
94.5999984741211,91.4000015258789,92.0,92.05000305175781,7853953.0,83.16407775878906,2020-05-11
94.0999984741211,88.25,91.94999694824219,88.69999694824219,14162759.0,80.13745880126953,2020-05-12
92.0,87.25,92.0,89.3499984741211,13853484.0,80.72471618652344,2020-05-13
89.25,85.0999984741211,89.25,85.44999694824219,13033552.0,77.20120239257812,2020-05-14
86.80000305175781,84.75,86.0999984741211,85.80000305175781,12039846.0,77.51741027832031,2020-05-15
86.75,80.5,86.0999984741211,81.0,14439944.0,73.18077087402344,2020-05-18
83.3499984741211,80.6500015258789,82.5,81.8499984741211,17936222.0,73.94872283935547,2020-05-19
86.94999694824219,81.30000305175781,81.8499984741211,86.25,16541665.0,77.9239730834961,2020-05-20
88.19999694824219,85.5,86.4000015258789,87.94999694824219,12866521.0,79.4598617553711,2020-05-21
87.69999694824219,85.0,87.25,87.19999694824219,7514722.0,78.78225708007812,2020-05-22
88.5999984741211,86.1500015258789,87.19999694824219,88.1500015258789,9732127.0,79.64056396484375,2020-05-26
89.0,86.55000305175781,88.05000305175781,88.5999984741211,8688846.0,80.047119140625,2020-05-27
91.30000305175781,87.8499984741211,88.5999984741211,89.0999984741211,13856550.0,80.49884796142578,2020-05-28
93.75,88.0999984741211,88.75,92.3499984741211,19767384.0,83.43511962890625,2020-05-29
95.0,91.6500015258789,93.94999694824219,91.94999694824219,12532727.0,83.07372283935547,2020-06-01
97.0999984741211,90.9000015258789,92.94999694824219,96.55000305175781,18575710.0,87.22967529296875,2020-06-02
99.3499984741211,96.0,98.4000015258789,96.3499984741211,14935514.0,87.04898834228516,2020-06-03
98.80000305175781,96.05000305175781,97.0,97.25,16263383.0,87.86209869384766,2020-06-04
98.44999694824219,96.5,98.0,97.8499984741211,10661265.0,88.40419006347656,2020-06-05
106.30000305175781,99.0,99.44999694824219,104.75,37414751.0,94.63809967041016,2020-06-08
105.5,100.30000305175781,105.19999694824219,101.0999984741211,26322348.0,91.34043884277344,2020-06-09
101.30000305175781,96.30000305175781,101.0999984741211,98.0999984741211,19763377.0,88.63005065917969,2020-06-10
104.19999694824219,94.69999694824219,98.1500015258789,95.55000305175781,50575996.0,86.32621002197266,2020-06-11
97.0,91.25,91.5,96.3499984741211,23510074.0,87.04898834228516,2020-06-12
101.55000305175781,94.5,96.30000305175781,99.6500015258789,29193675.0,90.03042602539062,2020-06-15
101.9000015258789,95.4000015258789,101.0,97.5,19313457.0,88.08796691894531,2020-06-16
97.6500015258789,95.5999984741211,97.5,96.25,14881321.0,86.9586410522461,2020-06-17
98.94999694824219,95.80000305175781,96.5,97.05000305175781,11943420.0,87.68141174316406,2020-06-18
100.25,97.5,97.94999694824219,99.5,17334756.0,89.8948974609375,2020-06-19
100.6500015258789,98.0,99.9000015258789,98.30000305175781,13742378.0,88.81074523925781,2020-06-22
100.25,97.80000305175781,99.8499984741211,99.25,12226283.0,89.66903686523438,2020-06-23
104.3499984741211,98.5,100.0,101.4000015258789,37394250.0,91.61148834228516,2020-06-24
107.0,102.5,103.0,103.0999984741211,51899572.0,93.14737701416016,2020-06-25
105.5,102.75,104.94999694824219,105.1500015258789,20691249.0,94.9994888305664,2020-06-26
105.8499984741211,102.75,105.05000305175781,103.5999984741211,11712494.0,93.59911346435547,2020-06-29
104.44999694824219,101.3499984741211,103.5999984741211,102.1500015258789,17694174.0,92.28909301757812,2020-06-30
103.3499984741211,100.25,102.1500015258789,102.94999694824219,9944663.0,93.01184844970703,2020-07-01
106.0,103.1500015258789,104.25,103.5,12609139.0,93.5087661743164,2020-07-02
105.80000305175781,103.0,104.5,104.9000015258789,10704730.0,94.77362060546875,2020-07-03
104.9000015258789,103.0999984741211,103.9000015258789,103.69999694824219,11071495.0,93.689453125,2020-07-06
104.9000015258789,101.75,103.94999694824219,102.8499984741211,16292243.0,92.9215087890625,2020-07-07
104.19999694824219,101.69999694824219,103.0,102.69999694824219,15138282.0,92.78599548339844,2020-07-08
107.5,103.05000305175781,104.44999694824219,105.55000305175781,29515197.0,95.36087799072266,2020-07-09
105.4000015258789,102.0999984741211,104.94999694824219,102.4000015258789,13013621.0,92.51495361328125,2020-07-10
103.94999694824219,100.30000305175781,103.94999694824219,101.0999984741211,10392295.0,91.34043884277344,2020-07-13
102.19999694824219,98.30000305175781,101.1500015258789,99.05000305175781,9424479.0,89.48833465576172,2020-07-14
99.9000015258789,96.6500015258789,99.5,96.94999694824219,9584067.0,87.59105682373047,2020-07-15
97.94999694824219,94.44999694824219,97.5,96.75,9268222.0,87.41036224365234,2020-07-16
101.8499984741211,97.0,97.0,100.8499984741211,13979735.0,91.11457824707031,2020-07-17
101.69999694824219,99.80000305175781,101.69999694824219,100.19999694824219,7556727.0,90.5273208618164,2020-07-20
104.44999694824219,99.8499984741211,100.6500015258789,103.80000305175781,16610305.0,93.7798080444336,2020-07-21
105.0,100.8499984741211,104.30000305175781,101.94999694824219,13459066.0,92.1083984375,2020-07-22
105.0,101.6500015258789,102.0,102.30000305175781,11804410.0,92.42460632324219,2020-07-23
102.5,98.80000305175781,101.80000305175781,99.55000305175781,12934643.0,89.94007873535156,2020-07-24
100.75,97.25,100.19999694824219,97.5,9178371.0,88.08796691894531,2020-07-27
98.5,96.5,98.0999984741211,97.5999984741211,7942140.0,88.17831420898438,2020-07-28
99.94999694824219,97.1500015258789,97.9000015258789,98.80000305175781,10668915.0,89.26248168945312,2020-07-29
99.75,96.25,99.0,96.5999984741211,8825770.0,87.27484130859375,2020-07-30
98.19999694824219,96.25,96.69999694824219,96.6500015258789,6659377.0,87.32002258300781,2020-07-31
96.9000015258789,93.5,96.9000015258789,94.0999984741211,10263949.0,85.01618194580078,2020-08-03
94.69999694824219,92.8499984741211,94.0999984741211,93.1500015258789,15338955.0,84.15789031982422,2020-08-04
95.0,93.0999984741211,94.05000305175781,93.30000305175781,8422829.0,84.29341888427734,2020-08-05
96.44999694824219,93.5,94.19999694824219,95.6500015258789,21774477.0,86.41655731201172,2020-08-06
97.4000015258789,95.6500015258789,96.25,96.9000015258789,9973829.0,87.54589080810547,2020-08-07
97.9000015258789,96.30000305175781,97.25,97.05000305175781,7921530.0,87.68141174316406,2020-08-10
98.80000305175781,97.0,97.30000305175781,97.30000305175781,9139943.0,87.90727996826172,2020-08-11
98.4000015258789,96.0,97.19999694824219,98.05000305175781,10941501.0,88.58488464355469,2020-08-12
99.5999984741211,96.5,98.80000305175781,97.4000015258789,19705662.0,87.99762725830078,2020-08-13
99.19999694824219,95.6500015258789,99.1500015258789,95.94999694824219,16323439.0,86.6875991821289,2020-08-14
98.0,95.5999984741211,96.1500015258789,97.6500015258789,11823722.0,88.2234878540039,2020-08-17
98.0,96.69999694824219,97.9000015258789,96.94999694824219,11920585.0,87.59105682373047,2020-08-18
101.9000015258789,97.0999984741211,97.30000305175781,101.44999694824219,36880101.0,91.65666198730469,2020-08-19
103.1500015258789,100.30000305175781,101.0,101.5,18501843.0,91.70183563232422,2020-08-20
103.1500015258789,101.05000305175781,102.0,101.75,12364453.0,91.92770385742188,2020-08-21
103.19999694824219,101.1500015258789,102.0,101.5999984741211,8859858.0,91.79217529296875,2020-08-24
103.1500015258789,99.30000305175781,102.5999984741211,99.69999694824219,15047592.0,90.07559204101562,2020-08-25
100.8499984741211,99.25,100.1500015258789,99.8499984741211,7300228.0,90.21112060546875,2020-08-26
100.5999984741211,99.0,100.5999984741211,99.19999694824219,6719580.0,89.62386322021484,2020-08-27
100.5,98.80000305175781,99.4000015258789,99.0999984741211,8715059.0,89.53351593017578,2020-08-28
101.5,95.0999984741211,99.9000015258789,95.6500015258789,22002704.0,86.41655731201172,2020-08-31
97.19999694824219,94.0,96.69999694824219,96.4000015258789,19814940.0,87.09416198730469,2020-09-01
97.80000305175781,95.44999694824219,96.3499984741211,97.30000305175781,9290852.0,87.90727996826172,2020-09-02
98.44999694824219,96.55000305175781,96.5999984741211,98.0999984741211,9104976.0,88.63005065917969,2020-09-03
99.0999984741211,96.1500015258789,96.94999694824219,98.05000305175781,13774265.0,88.58488464355469,2020-09-04
98.8499984741211,94.8499984741211,98.0,95.75,11148817.0,86.50690460205078,2020-09-07
96.5,94.0,96.5,94.55000305175781,10400604.0,85.42274475097656,2020-09-08
94.80000305175781,90.05000305175781,94.5999984741211,91.05000305175781,18553890.0,82.26061248779297,2020-09-09
92.4000015258789,89.80000305175781,91.8499984741211,90.80000305175781,17660324.0,82.03473663330078,2020-09-10
91.6500015258789,90.0999984741211,90.80000305175781,90.75,11883991.0,81.98957061767578,2020-09-11
93.6500015258789,90.80000305175781,91.9000015258789,91.94999694824219,16297219.0,83.07372283935547,2020-09-14
92.75,91.0999984741211,92.0,92.0999984741211,8425847.0,83.2092514038086,2020-09-15
92.75,91.3499984741211,92.75,91.8499984741211,8863242.0,82.98338317871094,2020-09-16
91.8499984741211,90.5,91.8499984741211,90.75,7991298.0,81.98957061767578,2020-09-17
93.44999694824219,90.80000305175781,91.0,92.0999984741211,21897315.0,83.2092514038086,2020-09-18
92.19999694824219,87.4000015258789,92.19999694824219,88.19999694824219,15183713.0,79.68573760986328,2020-09-21
88.5,82.8499984741211,88.0999984741211,84.1500015258789,23854263.0,76.02669525146484,2020-09-22
86.3499984741211,82.75,85.19999694824219,85.69999694824219,17243026.0,77.42706298828125,2020-09-23
85.44999694824219,81.94999694824219,84.25,83.0,14462476.0,74.98770904541016,2020-09-24
85.5999984741211,83.0999984741211,83.69999694824219,85.19999694824219,13060155.0,76.97532653808594,2020-09-25
89.0999984741211,85.55000305175781,86.55000305175781,88.19999694824219,12545459.0,79.68573760986328,2020-09-28
88.80000305175781,87.0,88.80000305175781,87.5,9090406.0,79.05330657958984,2020-09-29
88.1500015258789,85.5,87.5,86.80000305175781,9923510.0,78.42088317871094,2020-09-30
88.75,86.44999694824219,86.80000305175781,88.4000015258789,7687576.0,79.8664321899414,2020-10-01
89.80000305175781,86.3499984741211,88.5,87.0,13796315.0,78.60157012939453,2020-10-05
88.19999694824219,86.69999694824219,88.0,87.75,9233945.0,79.2791748046875,2020-10-06
87.8499984741211,86.44999694824219,87.0,86.69999694824219,12106635.0,78.33052825927734,2020-10-07
87.1500015258789,83.8499984741211,86.75,84.1500015258789,15153275.0,76.02669525146484,2020-10-08
86.3499984741211,83.30000305175781,84.5,85.69999694824219,14283708.0,77.42706298828125,2020-10-09
86.5,83.25,86.4000015258789,83.8499984741211,10640565.0,75.75565338134766,2020-10-12
84.0,82.0999984741211,83.5999984741211,83.1500015258789,9936472.0,75.12322235107422,2020-10-13
82.94999694824219,81.19999694824219,82.3499984741211,82.6500015258789,12516532.0,74.67150115966797,2020-10-14
83.94999694824219,82.0,82.4000015258789,82.30000305175781,10136485.0,74.35528564453125,2020-10-15
84.19999694824219,82.4000015258789,82.55000305175781,84.0,11035918.0,75.89117431640625,2020-10-16
87.9000015258789,84.0,84.19999694824219,87.44999694824219,17139046.0,79.00813293457031,2020-10-19
87.4000015258789,85.0,85.80000305175781,85.69999694824219,10799409.0,77.42706298828125,2020-10-20
88.25,85.75,85.80000305175781,87.6500015258789,15809047.0,79.18882751464844,2020-10-21
89.0999984741211,86.1500015258789,86.1500015258789,88.6500015258789,19366274.0,80.09228515625,2020-10-22
89.3499984741211,87.0,89.3499984741211,87.30000305175781,13323857.0,78.87261199951172,2020-10-23
87.80000305175781,85.0,87.6500015258789,85.5,9696693.0,77.24637603759766,2020-10-26
85.5999984741211,83.5999984741211,85.44999694824219,84.19999694824219,11801490.0,76.07186126708984,2020-10-27
84.94999694824219,82.80000305175781,84.94999694824219,83.0999984741211,13155714.0,75.07804870605469,2020-10-28
84.1500015258789,82.1500015258789,82.5,83.44999694824219,9245524.0,75.3942642211914,2020-10-29
85.0999984741211,82.69999694824219,84.0,84.75,10960418.0,76.56877136230469,2020-10-30
85.30000305175781,83.5,85.0999984741211,83.94999694824219,10537729.0,75.84599304199219,2020-11-02
85.5999984741211,83.6500015258789,84.5999984741211,83.94999694824219,8843794.0,75.84599304199219,2020-11-03
84.6500015258789,83.05000305175781,84.5,83.3499984741211,9953718.0,75.30391693115234,2020-11-04
87.94999694824219,83.75,84.4000015258789,87.44999694824219,18571054.0,79.00813293457031,2020-11-05
87.69999694824219,85.5,87.5,85.80000305175781,13595704.0,77.51741027832031,2020-11-06
86.75,85.6500015258789,86.19999694824219,86.5,7506767.0,78.14984130859375,2020-11-09
90.8499984741211,86.80000305175781,87.0,90.19999694824219,25916479.0,81.49266815185547,2020-11-10
94.4000015258789,90.5,91.19999694824219,92.94999694824219,38091052.0,83.9771957397461,2020-11-11
94.0,92.5999984741211,93.75,93.05000305175781,13703238.0,84.06755065917969,2020-11-12
93.30000305175781,91.5,92.94999694824219,92.80000305175781,10482732.0,83.8416748046875,2020-11-13
94.0,92.69999694824219,94.0,93.5,2128874.0,84.47410583496094,2020-11-14
95.30000305175781,93.05000305175781,94.30000305175781,93.55000305175781,12227481.0,84.51927185058594,2020-11-17
94.6500015258789,92.80000305175781,93.69999694824219,93.94999694824219,10207427.0,84.88066101074219,2020-11-18
96.8499984741211,93.0,93.0,93.6500015258789,17894047.0,84.60962677001953,2020-11-19
97.94999694824219,93.0,93.9000015258789,97.44999694824219,29777970.0,88.04278564453125,2020-11-20
101.5,97.5999984741211,99.0,100.9000015258789,29687033.0,91.15975189208984,2020-11-23
102.5,99.25,101.80000305175781,100.30000305175781,18023349.0,90.61766815185547,2020-11-24
103.69999694824219,100.5,101.3499984741211,102.30000305175781,26160208.0,92.42460632324219,2020-11-25
103.44999694824219,101.5999984741211,102.30000305175781,102.75,17424168.0,92.83116149902344,2020-11-26
106.69999694824219,101.5,103.5,102.6500015258789,39726156.0,92.7408218383789,2020-11-27
112.0,103.0999984741211,103.6500015258789,110.69999694824219,85684453.0,100.01371765136719,2020-12-01
120.5,110.1500015258789,111.0,116.69999694824219,97500422.0,105.43451690673828,2020-12-02
121.9000015258789,116.1500015258789,117.25,118.25,60765138.0,106.83489227294922,2020-12-03
122.0,118.5,119.69999694824219,119.80000305175781,33874098.0,108.23526763916016,2020-12-04
124.4000015258789,120.5999984741211,120.75,122.4000015258789,26548695.0,110.58428192138672,2020-12-07
125.0,120.6500015258789,124.05000305175781,121.75,25015522.0,109.99703216552734,2020-12-08
124.0999984741211,121.75,123.0,122.5,15309274.0,110.67462921142578,2020-12-09
123.44999694824219,119.3499984741211,122.75,120.05000305175781,16189659.0,108.46113586425781,2020-12-10
128.8000030517578,120.05000305175781,120.0999984741211,125.8499984741211,52797382.0,113.70123291015625,2020-12-11
128.1999969482422,125.0999984741211,127.0,125.44999694824219,20685428.0,113.33985137939453,2020-12-14
126.44999694824219,124.25,126.44999694824219,125.25,16760552.0,113.15916442871094,2020-12-15
126.8499984741211,123.8499984741211,126.5,124.4000015258789,18903163.0,112.3912124633789,2020-12-16
125.69999694824219,123.5,125.25,123.9000015258789,13813435.0,111.93948364257812,2020-12-17
125.5,121.19999694824219,124.5,125.05000305175781,24075533.0,112.97846984863281,2020-12-18
125.0,112.55000305175781,125.0,114.69999694824219,28013714.0,103.6275863647461,2020-12-21
120.5999984741211,112.6500015258789,114.5,118.5,43517898.0,107.06076049804688,2020-12-22
119.5,116.6500015258789,119.0,118.25,15213502.0,106.83489227294922,2020-12-23
123.0,119.0,119.0,120.1500015258789,20610640.0,108.55147552490234,2020-12-24
123.1500015258789,120.55000305175781,121.1500015258789,122.6500015258789,17437291.0,110.81015014648438,2020-12-28
124.5999984741211,121.9000015258789,123.44999694824219,123.75,14204456.0,111.80396270751953,2020-12-29
124.19999694824219,121.5999984741211,123.9000015258789,123.0999984741211,11547865.0,111.21670532226562,2020-12-30
123.9000015258789,121.19999694824219,121.19999694824219,123.25,11829604.0,111.35223388671875,2020-12-31
124.4000015258789,122.55000305175781,123.9000015258789,123.6500015258789,8751786.0,111.71361541748047,2021-01-01
128.4499969482422,124.6500015258789,124.80000305175781,128.0,25382950.0,115.64369201660156,2021-01-04
129.75,125.75,127.1500015258789,129.3000030517578,24858763.0,116.81820678710938,2021-01-05
136.0,130.5,130.8000030517578,134.0,45548182.0,121.0644760131836,2021-01-06
135.8000030517578,132.3000030517578,135.4499969482422,133.4499969482422,18038619.0,120.56758880615234,2021-01-07
134.64999389648438,131.64999389648438,134.5,132.75,17130661.0,119.9351577758789,2021-01-08
136.60000610351562,132.0500030517578,134.0,135.6999969482422,22887257.0,122.60037994384766,2021-01-11
143.5,139.1999969482422,140.89999389648438,141.39999389648438,65057615.0,127.75013732910156,2021-01-12
144.0,139.14999389648438,144.0,141.25,27169852.0,127.61463928222656,2021-01-13
146.0,140.89999389648438,141.4499969482422,144.0,30651392.0,130.0991668701172,2021-01-14
146.1999969482422,136.5500030517578,144.4499969482422,138.5,37787540.0,125.13008880615234,2021-01-15
142.0,134.60000610351562,140.8000030517578,137.89999389648438,34172561.0,124.5880126953125,2021-01-18
141.39999389648438,138.5500030517578,139.8000030517578,139.64999389648438,16554618.0,126.16905975341797,2021-01-19
140.60000610351562,137.5500030517578,140.0500030517578,138.0,20441310.0,124.6783676147461,2021-01-20
139.6999969482422,132.5500030517578,139.6999969482422,133.75,25224127.0,120.838623046875,2021-01-21
136.3000030517578,133.0,134.0,134.0500030517578,26214316.0,121.10966491699219,2021-01-22
136.9499969482422,132.25,135.0,132.9499969482422,24070762.0,120.11585235595703,2021-01-25
131.64999389648438,126.9000015258789,130.6999969482422,127.69999694824219,23044055.0,117.58369445800781,2021-01-27
129.64999389648438,125.5999984741211,126.0,128.60000610351562,17278242.0,118.41241455078125,2021-01-28
129.6999969482422,124.30000305175781,129.0,125.30000305175781,22647682.0,115.37384033203125,2021-01-29
129.0,124.25,124.25,127.4000015258789,17372633.0,117.30747985839844,2021-02-01
132.1999969482422,128.75,128.89999389648438,129.6999969482422,16460769.0,119.42526245117188,2021-02-02
132.4499969482422,129.3000030517578,130.0,130.4499969482422,18339188.0,120.1158447265625,2021-02-03
135.25,130.25,131.0,130.6999969482422,24343813.0,120.3460464477539,2021-02-04
132.6999969482422,127.5,132.1999969482422,128.1999969482422,16472506.0,118.0440902709961,2021-02-05
134.3000030517578,129.14999389648438,129.89999389648438,131.39999389648438,27756625.0,120.99059295654297,2021-02-08
133.4499969482422,130.6999969482422,132.0,131.0500030517578,15232082.0,120.66832733154297,2021-02-09
134.0,130.8000030517578,132.39999389648438,133.60000610351562,29017416.0,123.01631164550781,2021-02-10
138.0,133.10000610351562,133.89999389648438,136.4499969482422,45742936.0,125.64053344726562,2021-02-11
137.25,132.35000610351562,136.9499969482422,132.89999389648438,13980720.0,122.37176513671875,2021-02-12
135.39999389648438,131.85000610351562,133.9499969482422,133.8000030517578,16847815.0,123.20046997070312,2021-02-15
135.25,132.5,134.1999969482422,133.10000610351562,15227589.0,122.55592346191406,2021-02-16
136.9499969482422,132.0,132.5,134.39999389648438,21615744.0,123.75293731689453,2021-02-17
147.8000030517578,138.0,138.9499969482422,143.10000610351562,114715328.0,131.76373291015625,2021-02-18
149.4499969482422,143.5,143.9499969482422,145.39999389648438,69653864.0,133.88153076171875,2021-02-19
145.5,142.0,145.0,142.8000030517578,20609337.0,131.48748779296875,2021-02-22
148.75,143.10000610351562,143.10000610351562,147.35000610351562,30252701.0,135.6770477294922,2021-02-23
148.10000610351562,142.89999389648438,147.5500030517578,146.4499969482422,21543442.0,134.84832763671875,2021-02-24
152.8000030517578,146.1999969482422,147.9499969482422,150.8000030517578,38734458.0,138.85374450683594,2021-02-25
149.9499969482422,140.39999389648438,149.9499969482422,141.8000030517578,37458344.0,130.56671142578125,2021-02-26
145.64999389648438,142.5,144.10000610351562,144.5,16859409.0,133.0528106689453,2021-03-01
146.89999389648438,143.60000610351562,145.4499969482422,144.8000030517578,16832869.0,133.32907104492188,2021-03-02
147.5,144.75,145.9499969482422,146.9499969482422,16283786.0,135.30873107910156,2021-03-03
146.85000610351562,143.35000610351562,145.5,144.4499969482422,16585926.0,133.0067901611328,2021-03-04
150.0,144.35000610351562,144.35000610351562,147.14999389648438,34317341.0,135.49288940429688,2021-03-05
157.9499969482422,147.5,148.39999389648438,154.14999389648438,63069391.0,141.93833923339844,2021-03-08
154.89999389648438,148.35000610351562,154.89999389648438,149.0500030517578,20477362.0,137.2423858642578,2021-03-09
150.89999389648438,147.10000610351562,149.75,147.6999969482422,21345117.0,135.9993133544922,2021-03-10
152.4499969482422,145.64999389648438,150.5,146.85000610351562,15549201.0,135.21665954589844,2021-03-12
147.8000030517578,141.5500030517578,147.8000030517578,143.5500030517578,22491456.0,132.17808532714844,2021-03-15
145.64999389648438,141.9499969482422,144.0,143.25,15228739.0,131.90184020996094,2021-03-16
145.5,137.25,144.0,138.39999389648438,15613786.0,127.43605041503906,2021-03-17
141.8000030517578,132.39999389648438,139.10000610351562,135.10000610351562,17963294.0,124.39749145507812,2021-03-18
140.25,128.8000030517578,135.9499969482422,138.5,42264808.0,127.52813720703125,2021-03-19
140.0,135.35000610351562,140.0,136.8000030517578,17116629.0,128.27830505371094,2021-03-22
138.3000030517578,133.75,137.0,134.39999389648438,14077259.0,126.0278091430664,2021-03-23
133.9499969482422,130.0500030517578,132.60000610351562,131.0,14458906.0,122.83960723876953,2021-03-24
132.89999389648438,127.44999694824219,131.0500030517578,128.0,20151971.0,120.02648162841797,2021-03-25
132.8000030517578,128.64999389648438,130.25,131.8000030517578,16088308.0,123.58976745605469,2021-03-26
137.25,130.8000030517578,133.89999389648438,132.35000610351562,71858375.0,124.10551452636719,2021-03-30
137.8000030517578,133.1999969482422,133.89999389648438,135.5,31464261.0,127.05928039550781,2021-03-31
140.9499969482422,135.1999969482422,136.25,140.14999389648438,18828032.0,131.41961669921875,2021-04-01
139.4499969482422,134.5500030517578,139.0,134.9499969482422,12758646.0,126.54354095458984,2021-04-05
137.0,134.10000610351562,136.6999969482422,134.5500030517578,8692822.0,126.16846466064453,2021-04-06
141.85000610351562,136.3000030517578,136.3000030517578,138.64999389648438,33209701.0,130.01304626464844,2021-04-07
141.0,137.75,141.0,138.5500030517578,13593573.0,129.91928100585938,2021-04-08
140.5,138.25,138.64999389648438,138.8000030517578,8347169.0,130.15371704101562,2021-04-09
135.64999389648438,130.5500030517578,134.39999389648438,132.75,15943354.0,124.4805908203125,2021-04-12
139.89999389648438,133.89999389648438,134.0,138.89999389648438,19451005.0,130.2474822998047,2021-04-13
141.5500030517578,136.4499969482422,136.5,140.60000610351562,14308075.0,131.8415985107422,2021-04-15
142.39999389648438,139.25,140.9499969482422,139.60000610351562,11369798.0,130.9038848876953,2021-04-16
137.89999389648438,133.5500030517578,135.0,136.39999389648438,11824604.0,127.90321350097656,2021-04-19
139.75,133.5,138.1999969482422,134.39999389648438,18926713.0,126.0278091430664,2021-04-20
134.1999969482422,130.4499969482422,133.0,133.0,10656133.0,124.71502685546875,2021-04-22
134.0,128.5,131.8000030517578,129.39999389648438,23773366.0,121.33927154541016,2021-04-23
132.0,129.75,130.6999969482422,130.0,6020366.0,121.90189361572266,2021-04-26
132.8000030517578,130.0,130.0,131.5500030517578,11823364.0,123.35533905029297,2021-04-27
134.0,132.0,132.5,133.35000610351562,6883321.0,125.04322814941406,2021-04-28
136.39999389648438,133.3000030517578,134.6999969482422,134.8000030517578,9284829.0,126.40290069580078,2021-04-29
141.4499969482422,132.3000030517578,133.4499969482422,137.1999969482422,21349478.0,128.65338134765625,2021-04-30
138.1999969482422,134.64999389648438,136.10000610351562,137.5,7454391.0,128.93470764160156,2021-05-03
145.64999389648438,137.35000610351562,138.5,143.75,31186406.0,134.7953643798828,2021-05-04
148.85000610351562,143.0,147.3000030517578,145.0500030517578,21923380.0,136.01438903808594,2021-05-05
151.85000610351562,145.60000610351562,145.89999389648438,151.14999389648438,26512202.0,141.73439025878906,2021-05-06
152.64999389648438,148.6999969482422,151.3000030517578,150.25,18929024.0,140.8904571533203,2021-05-07
155.5,150.25,150.25,154.5500030517578,16396141.0,144.922607421875,2021-05-10
163.5,152.1999969482422,153.0,161.89999389648438,35774024.0,151.81472778320312,2021-05-11
165.75,158.6999969482422,162.60000610351562,161.0500030517578,26646114.0,151.0177001953125,2021-05-12
161.75,152.14999389648438,161.5,152.6999969482422,20851806.0,143.18785095214844,2021-05-14
154.8000030517578,150.35000610351562,154.0,153.14999389648438,14495779.0,143.6098175048828,2021-05-17
158.0,152.5,155.0,152.8000030517578,14269296.0,143.2816162109375,2021-05-18
154.5500030517578,151.3000030517578,152.8000030517578,152.8000030517578,8993381.0,143.2816162109375,2021-05-19
152.3000030517578,146.75,151.9499969482422,147.35000610351562,14905120.0,138.17111206054688,2021-05-20
150.4499969482422,145.3000030517578,147.60000610351562,145.75,17050299.0,136.67079162597656,2021-05-21
152.60000610351562,145.89999389648438,146.5,151.6999969482422,15741031.0,142.25013732910156,2021-05-24
155.75,151.6999969482422,153.60000610351562,155.10000610351562,26231316.0,145.43833923339844,2021-05-25
155.8000030517578,151.6999969482422,155.0,152.10000610351562,8674635.0,142.62522888183594,2021-05-26
155.0,150.5500030517578,152.25,152.8000030517578,15014713.0,143.2816162109375,2021-05-27
157.39999389648438,152.0500030517578,153.1999969482422,152.9499969482422,15357906.0,143.42227172851562,2021-05-28
161.39999389648438,153.1999969482422,154.0,159.9499969482422,48104986.0,149.98622131347656,2021-05-31
161.75,158.0,160.60000610351562,160.4499969482422,14127363.0,150.455078125,2021-06-01
163.4499969482422,157.64999389648438,162.39999389648438,158.85000610351562,14126173.0,148.95474243164062,2021-06-02
162.25,158.6999969482422,159.8000030517578,161.0500030517578,11743382.0,151.0177001953125,2021-06-03
164.75,160.3000030517578,161.3000030517578,162.0,13451403.0,151.90850830078125,2021-06-04
169.89999389648438,162.0,162.5,168.35000610351562,33224231.0,157.8629608154297,2021-06-07
169.8000030517578,165.0,168.1999969482422,167.8000030517578,16694954.0,157.34722900390625,2021-06-08
170.3000030517578,158.3000030517578,170.0,162.39999389648438,41530490.0,152.28358459472656,2021-06-09
166.0,160.5,164.5,163.5,23526283.0,153.31507873535156,2021-06-10
167.75,161.1999969482422,165.0,163.75,23825479.0,153.54949951171875,2021-06-11
164.60000610351562,160.10000610351562,164.39999389648438,163.14999389648438,17062675.0,152.98687744140625,2021-06-14
166.1999969482422,162.5500030517578,164.5,163.0,14368529.0,152.84622192382812,2021-06-15
165.75,161.1999969482422,163.3000030517578,161.75,12495046.0,151.67408752441406,2021-06-16
163.64999389648438,158.6999969482422,161.5,160.5,10113320.0,150.50196838378906,2021-06-17
161.9499969482422,152.60000610351562,161.25,155.0500030517578,18184052.0,145.39144897460938,2021-06-18
156.14999389648438,151.25,153.0,155.25,13488792.0,145.57899475097656,2021-06-21
158.6999969482422,154.89999389648438,157.0,155.3000030517578,7862363.0,145.62588500976562,2021-06-22
157.0,152.6999969482422,157.0,153.35000610351562,8190583.0,143.79736328125,2021-06-23
154.9499969482422,151.75,153.89999389648438,152.25,8171227.0,142.76588439941406,2021-06-24
154.6999969482422,152.25,153.0,153.10000610351562,6551074.0,143.5629425048828,2021-06-25
155.14999389648438,152.1999969482422,154.60000610351562,153.35000610351562,7211715.0,143.79736328125,2021-06-28
153.75,151.35000610351562,153.4499969482422,152.0,6409358.0,142.5314483642578,2021-06-29
152.5500030517578,149.25,152.0500030517578,149.64999389648438,10515338.0,140.3278350830078,2021-06-30
153.75,150.0,150.6999969482422,153.0,12360920.0,143.4691619873047,2021-07-01
153.9499969482422,151.0,153.9499969482422,151.3000030517578,7469311.0,141.87506103515625,2021-07-02
153.64999389648438,151.5500030517578,152.3000030517578,152.14999389648438,6275597.0,142.67210388183594,2021-07-05
155.10000610351562,148.8000030517578,152.6999969482422,150.35000610351562,13006796.0,140.98423767089844,2021-07-06
152.10000610351562,148.5500030517578,149.8000030517578,149.9499969482422,8212020.0,140.60916137695312,2021-07-07
151.10000610351562,148.4499969482422,149.85000610351562,148.6999969482422,8537070.0,139.43701171875,2021-07-08
149.0500030517578,147.0,148.6999969482422,147.14999389648438,6845767.0,137.9835662841797,2021-07-09
149.1999969482422,146.5,148.5,146.75,9772124.0,137.60848999023438,2021-07-12
151.39999389648438,147.5,148.14999389648438,148.8000030517578,14199450.0,139.53079223632812,2021-07-13
149.9499969482422,147.1999969482422,148.0,147.85000610351562,6202828.0,138.6399688720703,2021-07-14
148.89999389648438,143.89999389648438,148.89999389648438,144.39999389648438,13151905.0,135.40487670898438,2021-07-15
145.1999969482422,143.0,145.0,144.8000030517578,11326434.0,135.77996826171875,2021-07-16
148.0,143.8000030517578,144.8000030517578,144.35000610351562,13184154.0,135.35800170898438,2021-07-19
145.0,140.75,144.39999389648438,142.35000610351562,8959340.0,133.48257446289062,2021-07-20
145.1999969482422,141.6999969482422,144.60000610351562,143.8000030517578,11673106.0,134.84225463867188,2021-07-22
145.0,142.0,144.0,142.39999389648438,7367072.0,133.52944946289062,2021-07-23
142.10000610351562,139.6999969482422,142.0,141.35000610351562,9261834.0,132.5448760986328,2021-07-26
142.0,138.5500030517578,141.85000610351562,139.0500030517578,8747945.0,130.3881378173828,2021-07-27
139.89999389648438,136.60000610351562,139.89999389648438,137.85000610351562,9155066.0,129.26290893554688,2021-07-28
139.60000610351562,136.9499969482422,138.89999389648438,137.5,6963674.0,128.93470764160156,2021-07-29
141.8000030517578,137.25,138.0,139.5500030517578,14418252.0,130.85699462890625,2021-07-30
143.3000030517578,139.35000610351562,140.9499969482422,142.85000610351562,7546354.0,133.95143127441406,2021-08-02
144.14999389648438,141.85000610351562,143.9499969482422,143.3000030517578,8907115.0,134.37339782714844,2021-08-03
146.1999969482422,141.85000610351562,144.25,142.39999389648438,9595184.0,133.52944946289062,2021-08-04
145.60000610351562,140.3000030517578,143.0,142.89999389648438,19509484.0,133.99830627441406,2021-08-05
153.9499969482422,144.89999389648438,147.0,148.75,63512834.0,139.48390197753906,2021-08-06
150.5,145.1999969482422,150.1999969482422,145.8000030517578,11265653.0,136.71768188476562,2021-08-09
148.14999389648438,143.8000030517578,145.89999389648438,144.85000610351562,14952392.0,135.8268585205078,2021-08-10
148.5,144.25,145.5,147.14999389648438,11298126.0,137.9835662841797,2021-08-11
151.0,146.5500030517578,147.75,150.64999389648438,15379819.0,141.26553344726562,2021-08-12
151.89999389648438,147.5,151.0,148.39999389648438,10080885.0,139.15570068359375,2021-08-13
149.25,147.5,148.4499969482422,148.5,4850544.0,139.24948120117188,2021-08-16
149.1999969482422,144.85000610351562,148.4499969482422,147.0,5886199.0,137.84291076660156,2021-08-17
147.8000030517578,145.0500030517578,147.1999969482422,145.60000610351562,4409849.0,136.53013610839844,2021-08-18
144.39999389648438,140.0,140.0,140.35000610351562,14354380.0,131.607177734375,2021-08-20
144.10000610351562,140.0,142.60000610351562,140.8000030517578,7997462.0,132.02914428710938,2021-08-23
148.0,141.9499969482422,142.0,145.4499969482422,21248075.0,136.38946533203125,2021-08-24
147.5,144.0,146.60000610351562,144.89999389648438,7673148.0,135.8737335205078,2021-08-25
145.3000030517578,141.39999389648438,144.89999389648438,142.64999389648438,9753061.0,133.76388549804688,2021-08-26
145.1999969482422,142.0,143.3000030517578,143.5,12540924.0,134.56094360351562,2021-08-27
146.6999969482422,143.35000610351562,143.35000610351562,146.0,12311639.0,136.90521240234375,2021-08-30
147.64999389648438,143.8000030517578,145.9499969482422,146.14999389648438,14009836.0,137.0458526611328,2021-08-31
148.25,144.5,147.0,144.8000030517578,10817269.0,135.77996826171875,2021-09-01
147.25,144.14999389648438,145.89999389648438,145.10000610351562,8728875.0,136.061279296875,2021-09-02
149.35000610351562,145.10000610351562,146.0,147.39999389648438,14252130.0,138.21798706054688,2021-09-03
149.60000610351562,146.5,149.0,146.89999389648438,7391246.0,137.74913024902344,2021-09-06
147.60000610351562,144.0,146.89999389648438,144.1999969482422,6201833.0,135.2173309326172,2021-09-07
146.5,144.0,145.0,145.10000610351562,8478763.0,136.061279296875,2021-09-08
148.75,144.5,144.9499969482422,145.14999389648438,12018323.0,136.108154296875,2021-09-09
146.3000030517578,144.4499969482422,145.9499969482422,145.89999389648438,7285948.0,136.81143188476562,2021-09-13
156.64999389648438,147.1999969482422,147.1999969482422,156.0,36317283.0,146.2822723388672,2021-09-14
159.75,155.3000030517578,156.0,157.14999389648438,19909129.0,147.3606414794922,2021-09-15
158.1999969482422,156.0,157.0,157.14999389648438,11639900.0,147.3606414794922,2021-09-16
159.35000610351562,153.25,156.85000610351562,154.10000610351562,19212463.0,144.50062561035156,2021-09-17
154.60000610351562,148.5500030517578,152.0,149.8000030517578,5998449.0,140.468505859375,2021-09-20
152.0,145.0,149.8000030517578,150.0,8663366.0,140.65603637695312,2021-09-21
152.14999389648438,149.39999389648438,150.89999389648438,150.0,11442500.0,140.65603637695312,2021-09-22
155.64999389648438,151.14999389648438,152.0500030517578,152.89999389648438,15138877.0,143.37538146972656,2021-09-23
154.8000030517578,148.5500030517578,154.0,152.60000610351562,15631653.0,143.09408569335938,2021-09-24
157.0,152.0,155.0,154.5,20980859.0,144.87571716308594,2021-09-27
161.39999389648438,153.0500030517578,154.25,159.5,32956454.0,149.5642547607422,2021-09-28
161.5,154.25,157.9499969482422,156.3000030517578,21640237.0,146.5635986328125,2021-09-29
159.8000030517578,155.10000610351562,158.9499969482422,158.85000610351562,20812038.0,148.95474243164062,2021-09-30
166.1999969482422,157.5500030517578,160.1999969482422,163.14999389648438,45803410.0,152.98687744140625,2021-10-01
164.8000030517578,161.0,164.39999389648438,161.5500030517578,8960263.0,151.48655700683594,2021-10-04
168.39999389648438,161.5500030517578,161.60000610351562,164.6999969482422,25205710.0,154.44032287597656,2021-10-05
171.3000030517578,164.0,165.0,166.39999389648438,36571986.0,156.034423828125,2021-10-06
168.5,158.89999389648438,168.0500030517578,159.64999389648438,19095386.0,149.70489501953125,2021-10-07
162.89999389648438,157.64999389648438,161.3000030517578,158.14999389648438,11727250.0,148.29833984375,2021-10-08
160.6999969482422,158.5,158.89999389648438,158.75,6354241.0,148.8609619140625,2021-10-11
159.5500030517578,157.0500030517578,158.9499969482422,157.9499969482422,12008045.0,148.1107940673828,2021-10-12
161.0,158.10000610351562,158.3000030517578,159.0,9967893.0,149.09539794921875,2021-10-13
163.6999969482422,159.5,160.0,160.0500030517578,15541172.0,150.0800018310547,2021-10-14
163.8000030517578,160.85000610351562,161.0,161.35000610351562,16868394.0,151.2990264892578,2021-10-18
162.60000610351562,154.85000610351562,161.8000030517578,155.75,7452329.0,146.0478515625,2021-10-19
155.1999969482422,150.1999969482422,155.0,151.60000610351562,8527474.0,142.1563720703125,2021-10-20
154.89999389648438,148.60000610351562,153.10000610351562,149.6999969482422,16741093.0,140.37472534179688,2021-10-21
153.89999389648438,148.75,152.5,150.5,9069912.0,141.1248779296875,2021-10-22
151.85000610351562,146.10000610351562,151.5500030517578,148.25,6942514.0,139.01504516601562,2021-10-25
152.5,148.85000610351562,148.85000610351562,152.0,7550360.0,142.5314483642578,2021-10-26
153.4499969482422,149.35000610351562,152.14999389648438,149.75,11969414.0,140.42161560058594,2021-10-27
151.0,146.1999969482422,150.5,147.4499969482422,9873408.0,138.26487731933594,2021-10-28
156.25,145.5,146.64999389648438,148.85000610351562,28347156.0,139.5776824951172,2021-10-29
154.8000030517578,149.0,152.5,150.1999969482422,16547935.0,140.84356689453125,2021-11-01
154.75,150.35000610351562,150.6999969482422,150.9499969482422,14821556.0,141.54684448242188,2021-11-02
154.5,150.0,151.85000610351562,150.5500030517578,15841798.0,141.17176818847656,2021-11-03
152.0,151.0,151.3000030517578,151.5,889957.0,142.06259155273438,2021-11-04
153.14999389648438,150.60000610351562,152.5,151.89999389648438,18312975.0,142.4376678466797,2021-11-08
152.6999969482422,150.1999969482422,152.0,150.64999389648438,10971902.0,141.26553344726562,2021-11-09
153.10000610351562,149.60000610351562,150.64999389648438,152.10000610351562,18919425.0,142.62522888183594,2021-11-10
152.6999969482422,149.0,152.0,149.5,11245200.0,140.18719482421875,2021-11-11
150.39999389648438,147.5,150.14999389648438,148.0,7011351.0,138.78062438964844,2021-11-12
149.0,146.60000610351562,147.85000610351562,147.0500030517578,7233596.0,137.88980102539062,2021-11-15
148.5,145.0,147.14999389648438,145.60000610351562,5789397.0,136.53013610839844,2021-11-16
146.64999389648438,144.5,145.35000610351562,145.0,3877654.0,135.96749877929688,2021-11-17
145.5500030517578,140.35000610351562,145.5500030517578,140.9499969482422,10222954.0,132.16978454589844,2021-11-18
141.5,136.25,141.0,137.3000030517578,9416739.0,128.74716186523438,2021-11-22
139.25,136.0500030517578,136.10000610351562,138.5,9230138.0,129.87240600585938,2021-11-23
143.1999969482422,139.0,139.0,140.1999969482422,9102532.0,131.4665069580078,2021-11-24
142.1999969482422,138.3000030517578,140.75,141.5500030517578,10064655.0,132.732421875,2021-11-25
140.35000610351562,133.0500030517578,140.0,133.60000610351562,10499621.0,125.27764129638672,2021-11-26
133.60000610351562,129.4499969482422,133.60000610351562,130.35000610351562,11255792.0,122.2301025390625,2021-11-29
134.6999969482422,128.9499969482422,130.14999389648438,129.8000030517578,12561833.0,121.71435546875,2021-11-30
133.3000030517578,127.75,131.10000610351562,130.5500030517578,13625825.0,122.41764068603516,2021-12-01
132.60000610351562,130.10000610351562,130.60000610351562,131.64999389648438,7995372.0,123.44910430908203,2021-12-02
133.8000030517578,131.5500030517578,132.14999389648438,132.25,14648107.0,124.01173400878906,2021-12-03
132.5,126.8499984741211,132.4499969482422,128.85000610351562,24820032.0,120.82353973388672,2021-12-06
133.39999389648438,129.60000610351562,129.8000030517578,132.5500030517578,6849306.0,124.29306030273438,2021-12-07
136.0,131.5500030517578,133.5,133.6999969482422,8469867.0,125.37140655517578,2021-12-08
134.64999389648438,132.64999389648438,134.5,134.25,6118331.0,125.88715362548828,2021-12-09
135.89999389648438,133.4499969482422,134.25,135.4499969482422,6151256.0,127.01239013671875,2021-12-10
137.25,133.0,136.8000030517578,133.35000610351562,7859717.0,125.04322814941406,2021-12-13
136.0,132.0,132.75,135.3000030517578,13018242.0,126.87174987792969,2021-12-14
135.35000610351562,131.6999969482422,134.9499969482422,132.0,6288678.0,123.77731323242188,2021-12-15
132.85000610351562,128.75,132.5,129.5500030517578,13601623.0,121.47992706298828,2021-12-16
130.1999969482422,127.6500015258789,130.0,129.5,19860746.0,121.43304443359375,2021-12-17
130.6999969482422,125.19999694824219,129.5,125.94999694824219,13206589.0,118.10417938232422,2021-12-20
129.5500030517578,125.75,127.0,129.0,7339722.0,120.96419525146484,2021-12-21
130.6999969482422,128.6999969482422,129.89999389648438,130.1999969482422,5631087.0,122.08943176269531,2021-12-22
133.39999389648438,130.64999389648438,130.85000610351562,132.85000610351562,9824296.0,124.57437133789062,2021-12-23
134.14999389648438,129.6999969482422,134.10000610351562,130.85000610351562,8050243.0,122.69895935058594,2021-12-24
130.89999389648438,128.89999389648438,130.85000610351562,130.5500030517578,6719854.0,122.41764068603516,2021-12-27
133.39999389648438,131.10000610351562,131.64999389648438,133.0500030517578,6960987.0,124.76190185546875,2021-12-28
133.5,131.10000610351562,132.85000610351562,132.25,6771058.0,124.01173400878906,2021-12-29
129.5500030517578,127.5,128.6999969482422,127.6500015258789,11970063.0,123.43156433105469,2021-12-30
129.89999389648438,128.0,128.0,129.1999969482422,4160624.0,124.93033599853516,2021-12-31
131.60000610351562,129.3000030517578,129.5,131.4499969482422,4478058.0,127.1059799194336,2022-01-03
134.1999969482422,131.64999389648438,132.4499969482422,132.8000030517578,7019721.0,128.411376953125,2022-01-04
136.5,132.5500030517578,133.9499969482422,136.0500030517578,12163177.0,131.55397033691406,2022-01-05
139.10000610351562,134.10000610351562,136.10000610351562,138.85000610351562,12932562.0,134.26144409179688,2022-01-06
140.0,137.64999389648438,139.4499969482422,139.5500030517578,7511643.0,134.9383087158203,2022-01-07
143.0,139.9499969482422,140.0,142.64999389648438,8102429.0,137.93585205078125,2022-01-10
143.4499969482422,141.14999389648438,142.75,141.8000030517578,6711147.0,137.11395263671875,2022-01-11
144.0,141.85000610351562,142.25,143.60000610351562,4780761.0,138.85447692871094,2022-01-12
145.35000610351562,142.75,143.6999969482422,144.9499969482422,6787237.0,140.15985107421875,2022-01-13
145.60000610351562,143.1999969482422,144.39999389648438,144.3000030517578,4196916.0,139.53134155273438,2022-01-14
145.3000030517578,140.75,141.5500030517578,144.6999969482422,8349604.0,139.91810607910156,2022-01-17
146.0,141.9499969482422,144.60000610351562,142.89999389648438,9183014.0,138.17759704589844,2022-01-18
148.5,142.39999389648438,142.60000610351562,147.9499969482422,19930096.0,143.0607147216797,2022-01-19
148.5,146.25,147.60000610351562,147.35000610351562,6255487.0,142.4805450439453,2022-01-20
146.8000030517578,141.35000610351562,146.4499969482422,143.39999389648438,8107838.0,138.66107177734375,2022-01-21
143.6999969482422,138.6999969482422,142.0500030517578,140.85000610351562,10501660.0,136.19534301757812,2022-01-24
144.14999389648438,138.10000610351562,138.75,143.75,11055193.0,138.99951171875,2022-01-25
144.0500030517578,140.9499969482422,142.0,141.3000030517578,12310614.0,136.63047790527344,2022-01-27
146.1999969482422,141.3000030517578,142.14999389648438,141.8000030517578,8927075.0,137.11395263671875,2022-01-28
144.9499969482422,142.4499969482422,143.0,144.3000030517578,5185472.0,139.53134155273438,2022-01-31
148.0,144.14999389648438,145.0,147.5,10241254.0,142.62557983398438,2022-02-01
148.75,145.39999389648438,148.5,145.6999969482422,6962992.0,140.88507080078125,2022-02-02
149.3000030517578,145.0,145.0,147.39999389648438,16096878.0,142.5288848876953,2022-02-03
151.9499969482422,146.14999389648438,149.75,146.5500030517578,18772221.0,141.7069854736328,2022-02-04
148.89999389648438,146.39999389648438,147.4499969482422,148.25,8159964.0,143.35079956054688,2022-02-07
148.8000030517578,142.3000030517578,148.35000610351562,144.3000030517578,12055244.0,139.53134155273438,2022-02-08
145.60000610351562,142.3000030517578,145.0,142.9499969482422,7631688.0,138.22593688964844,2022-02-09
143.4499969482422,140.35000610351562,143.39999389648438,141.60000610351562,20379088.0,136.92056274414062,2022-02-10
142.75,140.0,140.6999969482422,140.64999389648438,7733105.0,136.001953125,2022-02-11
140.6999969482422,136.3000030517578,139.0,137.5500030517578,8395520.0,133.00439453125,2022-02-14
139.6999969482422,134.14999389648438,138.3000030517578,139.25,6597642.0,134.64822387695312,2022-02-15
141.1999969482422,138.75,139.35000610351562,139.35000610351562,4736139.0,134.7449188232422,2022-02-16
142.35000610351562,139.0500030517578,140.5500030517578,139.8000030517578,6367064.0,135.1800537109375,2022-02-17
141.39999389648438,138.35000610351562,140.0,140.85000610351562,6144296.0,136.19534301757812,2022-02-18
140.5500030517578,135.6999969482422,140.39999389648438,136.3000030517578,5228053.0,131.79571533203125,2022-02-21
135.5,132.0500030517578,132.10000610351562,134.5500030517578,11246953.0,130.10354614257812,2022-02-22
139.89999389648438,135.0,135.0500030517578,138.25,11299804.0,133.68125915527344,2022-02-23
136.14999389648438,128.60000610351562,134.0,129.75,13401506.0,125.46216583251953,2022-02-24
135.4499969482422,131.0,131.0,134.8000030517578,6241269.0,130.34527587890625,2022-02-25
146.75,133.85000610351562,135.0,144.85000610351562,27919955.0,140.0631561279297,2022-02-28
154.8000030517578,145.5,146.0,152.5500030517578,34437728.0,147.50869750976562,2022-03-02
159.8000030517578,153.10000610351562,154.75,159.0,29312746.0,153.74554443359375,2022-03-03
160.0,154.85000610351562,159.0,155.4499969482422,18399643.0,150.31285095214844,2022-03-04
164.0,155.1999969482422,156.3000030517578,161.64999389648438,33235321.0,156.30796813964844,2022-03-07
163.1999969482422,156.60000610351562,161.64999389648438,157.39999389648438,18337924.0,152.1984100341797,2022-03-08
159.0,153.39999389648438,158.14999389648438,154.5,12730151.0,149.39425659179688,2022-03-09
152.3000030517578,146.75,152.0,147.5,25358057.0,142.62557983398438,2022-03-10
154.10000610351562,148.0,148.0,152.39999389648438,17945413.0,147.3636474609375,2022-03-11
156.39999389648438,150.89999389648438,153.89999389648438,152.35000610351562,17853417.0,147.3153076171875,2022-03-14
151.89999389648438,146.6999969482422,151.60000610351562,148.4499969482422,20524474.0,143.544189453125,2022-03-15
152.8000030517578,148.0,149.6999969482422,152.39999389648438,15249761.0,147.3636474609375,2022-03-16
154.14999389648438,150.60000610351562,153.25,151.3000030517578,18044254.0,146.3000030517578,2022-03-17
147.6999969482422,144.0,147.25,144.3000030517578,19059074.0,144.3000030517578,2022-03-21
146.14999389648438,142.6999969482422,145.0,143.4499969482422,12817516.0,143.4499969482422,2022-03-22
146.1999969482422,143.10000610351562,144.14999389648438,143.60000610351562,14412349.0,143.60000610351562,2022-03-23
147.85000610351562,144.0500030517578,144.14999389648438,147.10000610351562,11888684.0,147.10000610351562,2022-03-24
148.64999389648438,146.60000610351562,147.5,147.64999389648438,10324903.0,147.64999389648438,2022-03-25
153.35000610351562,150.25,152.0,152.10000610351562,27881323.0,152.10000610351562,2022-03-28
153.5,150.5,153.1999969482422,152.64999389648438,10458380.0,152.64999389648438,2022-03-29
154.3000030517578,151.89999389648438,153.5,153.4499969482422,9955451.0,153.4499969482422,2022-03-30
157.25,152.85000610351562,154.8000030517578,155.64999389648438,29091799.0,155.64999389648438,2022-03-31
162.39999389648438,155.85000610351562,157.0,162.0500030517578,17417060.0,162.0500030517578,2022-04-01
164.39999389648438,161.3000030517578,163.60000610351562,161.6999969482422,11484642.0,161.6999969482422,2022-04-04
163.5,160.14999389648438,162.85000610351562,160.75,11541995.0,160.75,2022-04-05
163.25,158.85000610351562,159.8000030517578,162.35000610351562,7078322.0,162.35000610351562,2022-04-06
163.4499969482422,159.1999969482422,162.4499969482422,160.6999969482422,7777235.0,160.6999969482422,2022-04-07
162.75,160.14999389648438,161.35000610351562,162.14999389648438,7223912.0,162.14999389648438,2022-04-08
165.89999389648438,162.5500030517578,163.0,164.60000610351562,11849302.0,164.60000610351562,2022-04-11
168.6999969482422,164.4499969482422,165.4499969482422,166.6999969482422,28053587.0,166.6999969482422,2022-04-12
169.5,167.0,167.9499969482422,168.64999389648438,10989496.0,168.64999389648438,2022-04-13
170.8000030517578,167.0,167.14999389648438,167.9499969482422,16318964.0,167.9499969482422,2022-04-18
173.5,168.35000610351562,169.39999389648438,170.0,28068839.0,170.0,2022-04-19
171.4499969482422,163.60000610351562,171.4499969482422,165.60000610351562,17626059.0,165.60000610351562,2022-04-20
165.25,160.5,164.0,164.0,17380065.0,164.0,2022-04-21
165.6999969482422,162.39999389648438,163.0,164.1999969482422,7227533.0,164.1999969482422,2022-04-22
162.85000610351562,156.0,161.89999389648438,157.85000610351562,17644526.0,157.85000610351562,2022-04-25
159.89999389648438,155.0,159.60000610351562,157.0500030517578,15486515.0,157.0500030517578,2022-04-26
157.35000610351562,154.5,155.89999389648438,155.64999389648438,14292964.0,155.64999389648438,2022-04-27
158.85000610351562,156.60000610351562,158.0,157.8000030517578,11617775.0,157.8000030517578,2022-04-28
161.35000610351562,158.3000030517578,158.5,159.14999389648438,12674567.0,159.14999389648438,2022-04-29
